Id,SR,SR_LargeHerbivore,SR_LargeCarnivore,SR_LargeOmnivore,SR_MediumHerbivore,SR_MediumCarnivore,SR_MediumOmnivore,SR_SmallHerbivore,SR_SmallCarnivore,SR_SmallOmnivore
1,27,4,2,0,7,1,1,4,4,4
2,26,4,2,0,6,1,1,4,4,4
3,28,6,2,0,5,1,1,5,4,4
4,29,6,2,0,6,1,2,5,4,3
5,33,6,2,0,8,1,2,6,4,4
6,36,6,2,1,8,1,2,6,5,5
7,26,4,2,0,6,1,1,4,4,4
8,25,4,2,0,5,1,1,4,4,4
9,25,5,1,0,5,1,1,4,4,4
10,27,5,1,0,5,1,2,5,4,4
11,28,5,2,0,5,1,2,6,4,3
12,35,6,2,0,7,1,2,6,6,5
13,34,6,2,0,6,1,2,6,6,5
14,37,4,2,0,8,1,2,8,5,7
15,26,4,2,0,7,1,1,4,4,3
16,23,4,1,0,6,1,0,4,4,3
17,27,5,1,0,6,1,2,5,4,3
18,29,5,1,0,5,1,2,6,5,4
19,29,5,1,0,5,1,2,6,5,4
20,31,4,2,0,6,1,2,6,6,4
21,31,4,2,0,6,1,2,6,6,4
22,32,5,2,0,7,1,2,5,6,4
23,35,5,1,0,7,1,1,8,4,8
24,28,4,2,0,6,1,1,6,4,4
25,27,4,2,0,6,1,1,6,4,3
26,26,4,2,0,6,1,1,5,4,3
27,29,4,1,0,6,1,2,6,5,4
28,30,5,1,0,6,1,2,6,5,4
29,30,5,1,0,6,1,2,6,5,4
30,32,5,2,0,6,1,2,6,6,4
31,30,4,2,0,6,1,2,5,6,4
32,31,5,1,0,7,1,2,5,6,4
33,37,6,1,0,8,1,2,8,6,5
34,40,9,1,0,9,2,1,8,4,6
35,28,4,2,0,5,1,1,6,5,4
36,29,4,2,0,5,1,2,6,5,4
37,30,5,2,0,5,1,2,6,5,4
38,30,5,2,0,5,1,2,6,5,4
39,30,6,2,0,5,1,2,6,5,3
40,30,5,1,0,6,1,2,6,5,4
41,35,10,1,0,5,1,2,6,6,4
42,33,7,1,0,6,1,2,6,6,4
43,33,6,1,0,7,1,2,6,6,4
44,33,6,1,0,7,1,2,5,6,5
45,44,10,1,0,8,2,2,9,6,6
46,25,2,3,0,5,1,1,5,5,3
47,26,2,3,0,5,1,1,6,5,3
48,32,5,4,0,5,2,2,6,5,3
49,33,6,5,0,4,2,2,6,5,3
50,32,6,4,0,4,2,2,6,5,3
51,30,6,3,0,4,1,2,6,5,3
52,29,5,2,0,4,1,2,6,6,3
53,35,10,1,0,5,1,2,6,6,4
54,36,10,1,0,5,1,2,7,6,4
55,35,9,1,0,5,1,2,7,6,4
56,38,10,1,0,6,1,2,7,6,5
57,41,10,1,0,6,1,3,8,6,6
58,44,12,2,1,6,1,3,7,6,6
59,51,14,4,2,10,2,2,6,4,7
60,26,3,3,0,5,1,1,5,5,3
61,25,2,3,0,5,1,1,5,5,3
62,30,4,3,0,5,2,2,5,6,3
63,31,6,5,0,4,2,2,3,6,3
64,31,6,5,0,4,2,2,3,6,3
65,32,7,5,0,4,2,2,3,6,3
66,31,7,4,0,4,2,2,3,6,3
67,30,5,4,0,4,2,2,4,6,3
68,38,10,3,0,5,2,2,6,6,4
69,41,10,4,0,6,1,2,7,6,5
70,39,9,2,0,7,1,3,7,6,4
71,40,10,1,0,7,1,3,7,6,5
72,40,10,1,0,7,1,3,6,6,6
73,41,10,1,0,6,2,3,7,6,6
74,53,13,3,2,9,3,3,7,5,8
75,27,2,4,0,5,1,1,6,5,3
76,28,4,3,0,5,1,1,5,6,3
77,29,4,4,0,5,2,2,3,6,3
78,32,7,5,0,4,2,2,3,6,3
79,32,7,5,0,4,2,2,3,6,3
80,30,5,5,0,4,2,2,3,6,3
81,32,7,4,0,4,2,2,4,6,3
82,33,7,4,0,4,2,2,5,6,3
83,38,7,3,2,7,2,2,6,6,3
84,46,11,4,2,8,2,2,6,6,5
85,51,14,4,1,8,3,3,6,6,6
86,43,11,2,0,8,1,3,7,5,6
87,42,11,1,0,9,1,3,7,5,5
88,45,12,2,1,8,2,3,6,5,6
89,59,17,3,2,10,3,4,7,6,7
90,31,4,4,1,5,1,2,6,5,3
91,31,3,4,1,5,1,2,6,6,3
92,29,4,3,0,5,1,2,5,6,3
93,31,5,5,0,5,2,2,3,6,3
94,32,7,5,0,4,2,2,3,6,3
95,30,5,5,0,4,2,2,3,6,3
96,30,5,5,0,4,2,2,3,6,3
97,31,5,5,0,4,2,2,4,6,3
98,32,5,4,0,4,2,2,6,6,3
99,38,6,4,2,7,2,2,6,6,3
100,49,14,3,2,8,3,2,6,7,4
101,51,13,3,2,8,3,3,6,7,6
102,50,14,3,2,8,3,3,6,5,6
103,46,11,3,2,8,2,3,6,5,6
104,52,14,3,2,9,2,3,6,6,7
105,64,21,5,2,10,3,4,5,6,8
106,34,5,4,1,5,2,2,6,6,3
107,33,4,4,1,5,2,2,6,6,3
108,31,5,3,0,5,2,2,5,6,3
109,30,5,4,0,5,2,2,3,6,3
110,30,5,5,0,4,2,2,3,6,3
111,30,5,5,0,4,2,2,3,6,3
112,30,5,5,0,4,2,2,3,6,3
113,31,5,5,0,4,2,2,4,6,3
114,32,5,5,0,4,2,2,5,6,3
115,38,6,4,2,6,2,2,6,6,4
116,41,7,4,2,6,3,2,6,7,4
117,49,13,3,2,6,3,3,7,7,5
118,51,14,3,2,7,3,3,8,6,5
119,50,13,3,2,8,3,3,8,5,5
120,55,14,3,2,9,3,3,7,6,8
121,66,20,5,2,10,3,4,8,6,8
122,61,20,5,2,8,3,4,6,5,8
123,51,11,5,2,7,3,4,7,4,8
124,33,5,4,1,5,2,2,5,6,3
125,34,5,4,1,5,2,2,6,6,3
126,34,6,3,1,5,2,2,6,6,3
127,30,5,3,0,5,2,2,4,6,3
128,32,5,5,0,5,2,2,4,6,3
129,30,5,5,0,4,2,2,3,6,3
130,31,6,5,0,4,2,2,3,6,3
131,32,6,5,0,4,2,2,4,6,3
132,31,5,5,0,4,2,2,4,6,3
133,33,6,5,0,4,2,2,5,6,3
134,41,7,5,2,5,2,2,7,7,4
135,44,7,4,2,6,3,3,8,7,4
136,50,13,4,2,6,3,3,8,7,4
137,53,14,5,2,8,3,3,8,6,4
138,59,16,5,2,9,3,3,8,6,7
139,65,20,5,2,9,3,4,9,5,8
140,63,20,5,2,8,3,4,9,5,7
141,51,11,5,2,7,3,4,7,5,7
142,46,10,5,2,6,3,4,7,3,6
143,34,5,4,1,5,2,2,6,6,3
144,35,6,4,1,5,2,2,6,6,3
145,33,6,3,1,5,2,2,5,6,3
146,31,5,3,1,5,2,2,4,6,3
147,32,5,5,0,5,2,2,4,6,3
148,31,5,5,0,4,2,2,4,6,3
149,33,6,5,0,4,2,2,4,7,3
150,33,6,5,0,4,2,2,4,7,3
151,33,7,5,0,4,2,1,5,6,3
152,35,8,5,0,4,2,2,5,6,3
153,40,8,5,2,4,2,3,6,6,4
154,46,11,4,2,6,3,3,6,7,4
155,47,9,5,2,6,3,4,7,7,4
156,58,16,5,2,6,3,4,8,7,7
157,62,18,5,2,7,3,4,8,7,8
158,65,20,5,2,8,3,4,9,6,8
159,63,20,5,2,8,3,4,8,5,8
160,59,16,5,2,7,3,4,8,5,9
161,52,13,5,2,6,3,3,8,4,8
162,36,7,5,1,5,2,2,5,6,3
163,36,7,4,1,5,2,2,6,6,3
164,35,6,4,1,5,2,2,6,6,3
165,33,6,3,1,5,2,2,5,6,3
166,32,6,3,1,5,2,2,4,6,3
167,32,6,4,1,4,2,2,4,6,3
168,35,7,5,1,4,2,3,4,6,3
169,43,10,5,1,5,3,3,4,7,5
170,44,11,5,1,5,3,2,5,7,5
171,42,11,5,1,5,2,2,5,7,4
172,38,9,5,1,5,2,2,5,6,3
173,43,11,5,1,4,2,3,6,7,4
174,47,12,5,2,6,3,3,6,6,4
175,50,13,5,2,5,3,4,7,5,6
176,52,15,4,2,5,3,4,8,5,6
177,54,14,5,2,6,3,4,8,5,7
178,56,15,5,2,7,3,3,9,5,7
179,60,17,5,2,7,3,3,9,5,9
180,63,18,5,2,7,3,3,10,5,10
181,37,8,5,1,5,2,2,5,6,3
182,39,10,4,1,5,2,2,6,6,3
183,36,7,4,1,5,2,2,6,6,3
184,34,7,3,1,5,2,2,5,6,3
185,32,6,3,1,5,2,2,4,6,3
186,37,9,5,1,3,3,3,4,6,3
187,40,10,5,2,3,3,3,4,7,3
188,52,17,5,2,4,3,3,5,7,6
189,54,18,5,2,4,3,3,5,7,7
190,55,17,5,2,5,3,4,5,7,7
191,48,14,5,2,5,3,4,5,6,4
192,48,15,5,2,4,3,3,5,7,4
193,52,17,5,2,4,3,4,6,6,5
194,48,11,4,2,5,3,4,8,5,6
195,49,11,4,2,5,3,4,8,5,7
196,48,11,3,2,5,3,4,8,5,7
197,50,12,4,2,6,3,3,8,5,7
198,55,15,4,2,6,3,3,8,5,9
199,60,15,5,2,7,3,3,11,5,9
200,40,11,5,1,5,2,2,5,6,3
201,41,12,5,1,5,2,2,5,6,3
202,42,12,5,1,5,2,2,6,6,3
203,40,10,5,1,5,2,2,6,6,3
204,37,7,4,1,5,3,3,5,6,3
205,39,11,4,1,4,3,3,4,6,3
206,41,10,5,1,3,3,4,5,7,3
207,46,12,5,2,3,3,4,5,7,5
208,54,18,5,2,4,3,4,5,6,7
209,54,19,5,2,4,3,4,5,5,7
210,54,18,5,2,5,3,4,5,5,7
211,47,13,5,2,4,3,4,5,6,5
212,53,16,5,2,5,3,4,6,6,6
213,54,16,5,2,6,3,4,7,5,6
214,50,13,5,2,5,3,4,7,4,7
215,46,9,4,2,5,3,4,7,5,7
216,46,8,4,2,6,3,4,8,5,6
217,45,8,3,2,6,3,3,8,5,7
218,47,9,4,2,6,3,3,8,5,7
219,51,7,5,2,7,3,3,10,5,9
220,43,12,5,1,5,2,4,6,5,3
221,43,12,4,1,4,2,4,7,6,3
222,43,12,5,1,5,3,4,4,6,3
223,40,11,4,1,5,3,4,4,5,3
224,40,13,3,1,4,3,3,5,5,3
225,44,12,5,1,3,3,3,5,5,7
226,47,13,5,1,5,3,3,5,5,7
227,48,15,5,1,5,3,3,5,4,7
228,51,16,5,2,5,3,3,5,5,7
229,52,17,5,2,4,3,4,5,5,7
230,56,19,5,2,5,3,4,6,5,7
231,58,19,5,2,5,3,4,7,5,8
232,60,19,5,2,6,3,4,8,5,8
233,56,16,5,2,6,3,4,8,5,7
234,53,15,5,2,6,3,3,7,5,7
235,51,14,5,2,5,3,3,6,5,8
236,47,9,4,2,6,3,3,8,5,7
237,48,10,4,2,6,3,3,8,5,7
238,49,10,5,2,6,3,3,8,5,7
239,51,8,5,2,6,3,3,10,5,9
240,51,12,4,2,6,3,3,9,4,8
241,52,13,4,2,7,3,3,9,3,8
242,41,10,5,1,4,1,4,6,6,4
243,44,12,5,1,4,2,3,7,5,5
244,41,11,3,1,4,3,3,5,6,5
245,41,10,3,1,5,3,3,5,5,6
246,44,12,3,1,5,3,3,5,5,7
247,46,14,3,1,5,3,3,5,5,7
248,46,13,4,1,5,3,3,5,5,7
249,47,13,5,1,5,3,3,5,5,7
250,48,16,5,1,5,3,3,5,4,6
251,49,16,5,1,5,3,3,6,4,6
252,51,16,5,2,5,3,3,6,4,7
253,57,18,5,2,5,3,3,9,4,8
254,61,20,5,2,6,3,3,9,5,8
255,61,20,5,2,6,3,3,9,5,8
256,56,16,5,2,6,3,3,9,5,7
257,54,15,5,2,5,3,3,9,5,7
258,51,14,5,2,5,3,3,8,5,6
259,50,13,5,2,6,3,3,7,4,7
260,50,11,5,2,6,3,3,8,5,7
261,47,10,5,2,6,3,3,6,5,7
262,47,8,5,2,6,3,3,8,5,7
263,51,13,5,2,6,3,3,7,4,8
264,51,13,4,2,7,3,3,8,3,8
265,48,13,4,2,6,3,3,7,3,7
266,45,11,5,1,5,2,4,6,7,4
267,48,12,5,1,6,2,3,6,6,7
268,45,12,4,1,5,3,3,5,5,7
269,44,11,4,1,5,3,3,5,5,7
270,47,13,4,1,5,3,3,6,5,7
271,45,13,4,1,5,3,3,6,5,5
272,45,13,4,1,5,3,3,6,5,5
273,44,13,4,1,5,3,3,5,5,5
274,46,15,5,1,5,3,3,5,4,5
275,47,16,5,1,5,3,3,5,4,5
276,51,16,5,2,5,3,3,7,4,6
277,52,16,5,2,5,3,3,8,4,6
278,53,16,5,2,6,3,3,8,4,6
279,54,15,5,2,6,3,3,9,5,6
280,54,15,5,2,6,3,3,9,5,6
281,53,14,5,2,6,3,3,9,5,6
282,55,16,5,2,6,3,3,9,5,6
283,50,14,5,2,6,3,3,7,5,5
284,51,15,5,2,6,3,3,7,4,6
285,46,11,5,2,6,3,3,7,3,6
286,46,10,5,2,6,3,3,8,3,6
287,51,14,5,2,5,3,3,8,3,8
288,51,13,4,2,6,3,3,8,4,8
289,49,12,4,2,6,3,3,7,4,8
290,48,11,4,2,6,3,3,7,4,8
291,44,9,5,1,6,2,3,6,6,6
292,49,11,5,2,6,3,3,7,5,7
293,47,12,4,2,5,3,3,6,5,7
294,45,11,4,2,5,3,3,6,5,6
295,44,12,4,1,5,3,3,6,5,5
296,42,11,4,1,5,3,3,5,5,5
297,42,11,4,1,5,3,3,5,5,5
298,43,13,4,1,5,3,3,5,4,5
299,44,13,4,1,5,3,3,6,4,5
300,48,15,5,1,5,3,3,7,4,5
301,51,15,5,2,5,3,3,8,4,6
302,50,14,5,2,5,3,3,8,4,6
303,51,16,5,2,5,3,3,7,4,6
304,52,15,5,2,6,3,3,8,4,6
305,55,16,5,2,6,3,3,9,5,6
306,54,15,5,2,6,3,3,9,5,6
307,53,16,5,2,5,3,3,9,4,6
308,53,15,5,2,5,3,3,8,5,7
309,51,16,5,2,4,3,3,7,4,7
310,47,12,5,2,4,3,3,7,4,7
311,45,11,5,2,4,3,3,7,4,6
312,47,11,5,1,5,3,3,7,4,8
313,51,11,5,2,6,3,3,9,4,8
314,46,9,4,2,5,3,3,8,4,8
315,48,10,4,2,6,3,3,8,4,8
316,44,8,4,2,6,3,3,8,4,6
317,46,11,4,2,5,3,3,7,4,7
318,48,10,5,2,6,3,3,7,5,7
319,44,12,4,2,5,3,3,5,4,6
320,41,10,4,2,5,3,3,5,4,5
321,42,11,4,1,5,3,3,5,5,5
322,42,11,4,1,5,3,3,5,5,5
323,41,10,4,1,5,3,3,5,5,5
324,43,12,4,1,5,3,3,6,4,5
325,43,12,4,1,5,3,3,6,4,5
326,47,13,5,1,5,3,3,7,4,6
327,49,13,5,2,5,3,3,8,4,6
328,50,14,5,2,5,3,3,8,4,6
329,51,15,5,2,6,3,3,7,4,6
330,53,16,5,2,6,3,3,8,4,6
331,53,16,5,2,6,3,3,8,4,6
332,54,16,5,2,6,3,3,9,4,6
333,50,13,5,2,5,3,3,9,4,6
334,50,13,5,2,5,3,3,8,4,7
335,50,15,5,2,5,3,3,6,4,7
336,50,15,5,1,5,3,3,7,4,7
337,44,10,5,1,4,3,3,7,4,7
338,46,11,5,1,5,3,3,7,4,7
339,52,12,5,2,6,3,3,9,4,8
340,50,12,4,2,6,3,3,8,4,8
341,49,11,4,2,6,3,3,8,4,8
342,45,9,4,2,5,3,3,8,4,7
343,45,11,4,2,5,3,3,6,4,7
344,44,11,4,2,5,3,3,6,3,7
345,45,9,4,2,5,3,3,8,5,6
346,41,8,4,2,5,3,3,7,4,5
347,40,9,4,1,5,3,3,6,4,5
348,39,9,4,1,5,3,3,5,4,5
349,41,10,4,1,5,3,3,6,4,5
350,41,10,4,1,5,3,3,6,4,5
351,43,12,4,1,5,3,3,6,4,5
352,44,13,4,1,5,3,3,6,4,5
353,45,12,5,1,5,3,3,7,3,6
354,46,12,5,1,5,3,3,8,3,6
355,49,14,5,2,6,3,3,7,3,6
356,52,16,5,2,6,3,3,7,4,6
357,53,16,5,2,6,3,3,8,4,6
358,53,16,5,2,6,3,3,7,4,7
359,52,15,5,2,5,3,3,8,4,7
360,49,12,5,2,5,3,3,8,4,7
361,47,12,5,1,5,2,3,8,4,7
362,52,17,5,1,5,3,3,7,4,7
363,51,17,5,1,5,3,3,6,4,7
364,52,16,5,2,5,3,3,7,4,7
365,51,13,5,2,6,3,3,8,4,7
366,52,14,5,2,6,3,3,7,4,8
367,50,12,5,2,6,3,3,7,4,8
368,50,12,4,2,6,3,3,8,4,8
369,47,12,4,2,5,3,3,7,4,7
370,43,9,5,2,5,3,3,6,4,6
371,44,10,5,2,5,3,3,6,3,7
372,38,7,4,1,5,3,3,6,4,5
373,39,7,4,1,5,3,3,7,4,5
374,41,8,4,2,5,3,3,6,5,5
375,39,8,4,2,5,3,3,5,4,5
376,40,9,4,1,5,3,3,6,4,5
377,44,12,4,1,5,3,3,7,4,5
378,42,12,4,1,5,3,3,6,3,5
379,46,12,5,2,5,3,3,7,3,6
380,45,12,5,2,5,2,3,7,3,6
381,47,13,5,1,6,3,3,7,3,6
382,50,15,5,2,6,3,3,7,3,6
383,49,15,5,2,5,3,3,7,3,6
384,48,14,5,2,5,3,3,7,3,6
385,47,13,5,2,5,2,3,8,2,7
386,47,13,5,2,5,2,3,8,2,7
387,51,16,5,2,5,2,3,9,2,7
388,54,18,5,2,5,2,3,9,3,7
389,54,18,5,2,5,3,3,7,4,7
390,53,17,5,2,5,3,3,7,4,7
391,53,15,5,2,6,3,3,8,4,7
392,54,15,5,2,6,3,3,8,4,8
393,51,13,5,2,6,3,3,7,4,8
394,48,12,5,2,5,3,3,7,3,8
395,45,12,4,2,5,3,3,7,3,6
396,46,12,5,2,5,3,3,7,3,6
397,46,12,5,2,5,3,3,6,3,7
398,38,7,4,1,4,3,3,7,4,5
399,40,9,4,1,4,3,3,7,4,5
400,47,12,5,2,5,3,3,6,5,6
401,45,11,4,2,5,3,3,6,5,6
402,42,10,4,1,4,3,3,6,5,6
403,42,10,4,1,5,3,3,7,4,5
404,43,11,4,1,5,3,3,7,3,6
405,44,11,4,2,5,3,3,7,3,6
406,46,12,5,2,5,2,3,7,3,7
407,48,14,5,2,5,2,3,6,3,8
408,49,13,5,1,5,2,3,9,3,8
409,48,14,5,2,5,2,3,7,3,7
410,50,15,5,2,5,2,3,8,3,7
411,50,16,5,2,5,2,3,8,2,7
412,49,15,5,2,5,2,3,8,2,7
413,50,15,5,2,5,2,3,9,2,7
414,53,17,5,2,5,2,3,9,3,7
415,53,19,5,2,5,2,3,7,3,7
416,52,17,5,2,5,3,3,6,4,7
417,54,16,5,2,6,3,3,8,4,7
418,52,13,5,2,6,3,3,8,4,8
419,54,13,5,2,7,3,3,9,4,8
420,51,13,5,2,6,3,3,8,3,8
421,48,13,4,2,6,3,3,8,3,6
422,49,13,5,2,6,3,3,8,3,6
423,48,12,5,2,6,3,3,7,3,7
424,39,7,4,1,4,3,3,7,3,7
425,47,9,5,2,4,3,3,8,5,8
426,49,11,5,2,4,3,3,8,5,8
427,46,12,5,2,4,2,3,6,5,7
428,39,9,4,1,4,2,3,5,4,7
429,38,9,4,1,4,2,3,6,3,6
430,38,8,4,1,4,3,3,6,3,6
431,45,9,4,2,4,3,3,7,4,9
432,46,10,5,2,4,2,3,6,4,10
433,48,12,5,2,4,2,3,6,4,10
434,50,13,5,2,5,2,3,7,4,9
435,49,13,5,2,5,2,3,8,3,8
436,50,14,5,2,5,2,3,8,3,8
437,49,15,5,2,5,2,3,8,2,7
438,48,14,5,2,5,2,3,8,2,7
439,45,12,5,2,4,2,3,8,2,7
440,50,14,5,2,5,2,3,9,3,7
441,50,15,5,2,5,3,3,7,3,7
442,49,15,5,2,4,3,3,7,3,7
443,54,15,5,2,6,3,3,8,4,8
444,52,13,5,2,6,3,3,8,4,8
445,54,13,5,2,7,3,3,9,4,8
446,50,13,5,2,6,3,3,8,3,7
447,49,13,5,2,6,3,3,8,3,6
448,49,13,4,2,7,3,3,8,3,6
449,49,13,4,2,7,3,3,8,3,6
450,38,6,4,1,4,2,3,6,4,8
451,43,9,5,2,3,3,3,7,3,8
452,44,10,5,2,4,2,3,7,3,8
453,40,9,4,2,4,2,3,5,3,8
454,39,9,4,1,4,3,3,5,3,7
455,40,9,4,1,4,3,3,5,3,8
456,40,8,4,1,4,3,3,6,3,8
457,44,9,4,2,5,2,3,7,3,9
458,45,9,4,2,4,3,3,8,3,9
459,49,11,5,2,4,3,3,8,3,10
460,51,13,5,2,5,3,3,7,3,10
461,50,13,5,2,5,2,3,7,3,10
462,49,14,5,2,5,2,3,8,3,7
463,49,14,5,2,5,2,3,8,3,7
464,49,15,5,2,5,2,3,8,2,7
465,48,14,5,2,4,2,3,9,2,7
466,48,13,5,2,5,2,3,8,3,7
467,46,10,5,2,5,3,3,8,3,7
468,47,13,5,2,4,3,3,7,3,7
469,52,13,5,2,6,3,3,10,3,7
470,55,13,5,2,6,3,3,11,4,8
471,58,15,5,2,7,3,3,11,3,9
472,56,14,5,2,7,3,3,10,3,9
473,53,14,5,2,7,3,3,8,3,8
474,51,14,5,2,7,3,3,8,3,6
475,37,4,4,1,4,3,3,7,3,8
476,39,5,4,2,4,3,3,7,3,8
477,39,6,4,2,4,3,3,6,3,8
478,40,8,4,1,4,2,3,6,3,9
479,39,8,4,1,4,3,3,5,3,8
480,40,9,4,1,4,3,3,5,3,8
481,41,9,4,1,4,3,3,6,3,8
482,44,9,4,2,4,3,3,7,3,9
483,43,10,4,2,3,2,3,7,3,9
484,44,10,4,2,4,2,3,7,3,9
485,48,12,5,2,5,2,3,7,3,9
486,48,13,5,2,5,2,3,6,3,9
487,50,14,5,2,5,1,3,7,3,10
488,50,15,5,2,5,2,3,7,3,8
489,49,14,5,2,5,2,3,8,3,7
490,47,14,5,2,4,2,3,8,2,7
491,49,13,5,2,4,4,3,8,3,7
492,52,13,5,2,5,4,3,9,3,8
493,52,13,5,2,6,3,3,9,3,8
494,55,13,5,2,8,3,3,9,3,9
495,59,14,5,2,8,3,3,12,3,9
496,58,14,5,2,8,3,3,11,3,9
497,61,16,5,2,7,3,3,13,3,9
498,60,15,5,2,7,3,3,12,3,10
499,56,14,5,2,8,3,3,9,3,9
500,36,5,4,1,4,3,3,6,3,7
501,35,5,4,1,4,3,3,5,3,7
502,40,6,4,3,4,3,3,5,3,9
503,39,6,4,3,4,2,3,5,3,9
504,43,9,4,3,4,3,3,6,3,8
505,41,9,4,1,4,3,3,6,3,8
506,42,9,4,1,4,3,3,7,3,8
507,43,11,4,2,4,2,3,6,3,8
508,43,11,4,2,3,2,3,7,3,8
509,43,10,4,2,4,2,3,7,3,8
510,43,10,4,2,4,2,3,6,3,9
511,46,12,4,2,5,2,3,6,3,9
512,49,13,5,2,5,2,3,7,3,9
513,48,14,5,2,5,1,3,6,3,9
514,49,13,5,2,6,2,3,8,3,7
515,53,15,5,2,6,3,3,9,3,7
516,54,14,5,2,5,4,3,9,4,8
517,60,17,5,2,8,4,3,10,3,8
518,61,17,5,2,8,4,3,11,3,8
519,62,16,5,2,8,3,4,11,3,10
520,60,14,5,2,8,3,4,11,3,10
521,61,16,5,2,8,3,3,10,4,10
522,65,17,5,2,8,3,3,13,4,10
523,62,16,5,2,7,3,3,13,3,10
524,63,17,5,2,8,3,3,12,3,10
525,36,5,4,1,4,3,3,6,3,7
526,36,5,4,1,4,3,3,6,3,7
527,42,6,4,3,4,3,3,6,3,10
528,41,6,4,3,4,3,3,5,3,10
529,41,6,4,3,4,3,3,5,3,10
530,42,7,4,3,4,3,3,5,3,10
531,41,7,4,3,4,3,3,5,3,9
532,43,8,4,3,4,3,3,6,3,9
533,45,11,4,3,4,2,3,7,3,8
534,43,11,4,3,3,2,3,6,3,8
535,38,9,4,2,3,2,3,6,3,6
536,39,10,4,2,3,2,3,5,3,7
537,39,9,4,2,4,2,3,5,3,7
538,42,11,4,2,4,2,3,5,3,8
539,46,11,4,2,6,2,3,7,3,8
540,47,11,5,2,6,2,3,8,3,7
541,49,13,5,2,6,2,3,9,3,6
542,50,14,5,2,5,3,3,8,3,7
543,57,15,5,2,7,4,3,10,3,8
544,62,16,5,2,7,4,4,12,3,9
545,60,15,5,2,7,3,4,11,3,10
546,63,17,5,2,7,3,4,12,4,9
547,65,18,5,2,7,3,4,12,4,10
548,69,19,5,2,8,3,4,14,4,10
549,70,20,5,2,8,3,4,14,4,10
550,64,18,5,2,7,3,4,11,4,10
551,40,6,4,2,5,3,3,7,3,7
552,39,6,4,2,5,3,3,6,3,7
553,44,7,4,3,5,3,3,6,3,10
554,40,5,4,3,4,3,3,5,3,10
555,41,5,4,3,4,3,3,5,4,10
556,42,7,4,3,4,3,3,5,4,9
557,43,8,4,3,4,3,3,5,4,9
558,43,7,4,3,4,3,3,5,4,10
559,44,9,4,3,4,2,3,6,4,9
560,44,10,4,3,4,2,3,7,4,7
561,43,9,4,3,4,2,3,7,4,7
562,42,10,4,3,4,2,3,6,4,6
563,42,10,4,3,4,2,3,5,4,7
564,44,10,4,3,5,3,3,6,3,7
565,47,10,4,3,5,3,3,7,3,9
566,47,10,4,3,5,3,3,8,3,8
567,48,12,4,3,5,3,3,8,3,7
568,58,16,5,2,7,2,4,11,3,8
569,58,15,5,2,8,4,3,11,2,8
570,58,15,5,2,7,4,4,10,3,8
571,57,14,5,2,7,3,4,10,4,8
572,59,16,5,2,7,3,4,10,4,8
573,63,17,5,2,8,3,4,11,4,9
574,64,18,5,2,8,3,4,11,4,9
575,63,17,5,2,8,3,4,10,4,10
576,63,16,5,2,7,4,4,11,4,10
577,43,7,4,2,6,3,3,7,4,7
578,43,7,4,3,5,3,3,6,4,8
579,43,7,4,2,5,3,3,5,4,10
580,42,6,4,3,5,3,3,5,4,9
581,40,4,4,3,5,3,3,5,4,9
582,40,4,4,3,5,3,3,5,4,9
583,44,7,4,3,5,3,3,5,5,9
584,43,6,3,3,5,2,4,6,5,9
585,44,7,3,3,5,2,4,7,4,9
586,47,10,3,3,5,3,3,8,4,8
587,50,10,4,3,5,3,3,9,4,9
588,49,11,4,3,5,3,3,8,4,8
589,45,12,4,3,3,3,3,6,3,8
590,46,11,4,3,4,3,3,6,3,9
591,51,10,4,3,5,3,3,7,4,12
592,54,11,4,3,6,3,3,8,4,12
593,54,13,4,3,6,3,3,9,3,10
594,56,14,5,2,7,2,4,11,3,8
595,58,15,5,2,8,3,4,11,2,8
596,56,15,5,2,7,2,4,10,3,8
597,57,14,5,2,7,3,4,10,4,8
598,60,16,5,2,8,3,4,10,4,8
599,63,17,5,2,9,3,4,11,4,8
600,65,17,5,2,10,3,4,11,4,9
601,64,17,5,2,10,4,4,9,4,9
602,64,16,5,2,8,4,4,11,4,10
603,49,6,4,2,7,3,5,7,5,10
604,47,5,4,2,7,3,4,6,5,11
605,44,5,4,3,5,3,3,5,5,11
606,41,5,4,3,5,2,3,5,5,9
607,41,4,4,2,6,2,3,6,5,9
608,43,4,4,3,6,2,4,6,5,9
609,44,5,4,3,6,2,4,7,5,8
610,47,7,3,3,6,3,4,8,5,8
611,46,6,3,3,6,3,4,8,5,8
612,39,5,2,2,6,2,4,7,3,8
613,47,8,2,3,6,3,4,9,3,9
614,48,9,2,3,6,3,4,9,3,9
615,45,9,2,3,5,3,3,9,3,8
616,45,9,3,3,4,3,3,9,3,8
617,53,11,3,3,6,3,4,8,4,11
618,56,11,4,3,7,3,4,8,4,12
619,59,11,4,3,9,3,4,9,4,12
620,68,16,4,3,9,3,4,12,5,12
621,57,15,4,2,8,2,4,11,3,8
622,54,15,5,2,6,2,4,11,2,7
623,56,15,5,2,6,2,4,11,3,8
624,58,15,5,2,8,2,4,10,4,8
625,63,17,5,2,9,3,4,11,4,8
626,65,17,5,2,10,3,4,11,4,9
627,68,17,5,2,11,4,5,10,4,10
628,66,17,5,2,11,4,5,9,4,9
629,67,16,5,2,11,4,5,10,4,10
630,40,6,3,1,6,3,3,4,5,9
631,41,4,3,2,6,3,4,5,5,9
632,46,5,4,2,5,3,3,8,5,11
633,49,5,4,3,6,3,3,8,5,12
634,44,4,4,2,6,3,4,8,5,8
635,46,5,4,2,6,3,4,9,5,8
636,46,5,3,2,7,3,4,9,5,8
637,43,6,2,1,7,3,4,9,3,8
638,42,6,2,1,6,3,3,10,3,8
639,42,6,2,1,6,3,3,10,3,8
640,45,7,2,2,5,3,3,11,3,9
641,45,7,2,2,5,3,3,11,3,9
642,46,8,2,2,5,3,3,11,3,9
643,49,9,2,2,5,3,4,10,3,11
644,53,9,3,3,8,3,4,9,3,11
645,57,10,3,3,8,3,4,10,5,11
646,60,10,4,3,9,3,4,10,5,12
647,72,15,4,3,11,3,6,13,5,12
648,57,14,4,2,9,2,5,10,3,8
649,57,16,5,2,7,2,4,11,3,7
650,56,15,5,2,7,2,4,11,3,7
651,58,13,5,2,8,2,4,12,4,8
652,61,15,5,2,9,2,4,12,4,8
653,65,18,5,2,10,2,5,10,4,9
654,71,19,5,2,11,4,6,11,4,9
655,71,19,5,2,11,4,6,11,4,9
656,69,19,5,2,11,3,6,10,4,9
657,41,7,2,1,7,3,4,4,4,9
658,42,6,2,1,8,3,3,5,5,9
659,42,6,3,2,6,3,2,6,5,9
660,45,6,3,2,5,3,3,8,5,10
661,50,5,4,2,6,3,4,10,5,11
662,44,5,4,1,6,3,4,9,4,8
663,39,4,2,1,5,3,4,9,3,8
664,38,4,2,1,5,3,3,9,3,8
665,39,6,1,1,5,3,3,9,3,8
666,41,6,2,1,5,3,3,10,3,8
667,40,6,2,1,5,3,2,10,3,8
668,39,6,2,1,5,2,2,9,3,9
669,39,6,2,1,5,2,2,9,3,9
670,40,6,2,2,4,2,2,10,3,9
671,49,6,2,2,8,2,3,10,5,11
672,48,7,2,2,7,2,4,9,5,10
673,54,10,3,2,7,2,4,9,6,11
674,65,10,4,3,10,3,6,10,7,12
675,72,16,4,3,11,3,6,13,5,11
676,62,13,4,2,9,3,7,11,3,10
677,59,16,4,2,7,2,6,10,3,9
678,58,15,5,2,7,2,6,10,3,8
679,59,13,5,2,8,2,6,10,4,9
680,59,13,5,2,9,2,6,9,4,9
681,67,18,5,2,9,2,6,12,4,9
682,71,19,5,2,11,2,6,12,4,10
683,67,16,5,2,11,3,6,11,4,9
684,66,17,5,2,10,3,6,10,4,9
685,64,16,5,2,9,3,6,10,4,9
686,40,7,1,1,7,3,4,6,3,8
687,36,5,2,1,7,2,3,5,3,8
688,39,5,2,1,7,3,3,5,5,8
689,41,6,2,2,7,3,2,6,5,8
690,43,6,3,1,7,3,3,6,5,9
691,48,6,3,1,7,3,4,9,4,11
692,37,4,2,1,3,3,3,9,4,8
693,37,4,2,1,4,3,3,9,3,8
694,36,4,1,1,4,3,3,9,3,8
695,36,5,1,1,4,3,3,8,3,8
696,37,6,1,1,4,2,3,9,3,8
697,37,6,2,1,4,2,2,9,3,8
698,38,6,2,1,4,2,2,9,3,9
699,38,6,2,1,4,2,2,9,3,9
700,39,6,2,2,4,2,2,9,3,9
701,47,6,2,2,7,2,3,9,5,11
702,46,7,2,2,6,2,3,8,5,11
703,50,7,3,2,6,2,4,9,6,11
704,62,8,4,3,9,3,6,10,7,12
705,71,15,4,3,11,3,7,11,6,11
706,61,12,4,2,9,3,7,11,3,10
707,63,16,4,2,8,4,6,10,4,9
708,58,14,4,2,7,3,6,11,4,7
709,52,11,5,1,8,2,6,8,3,8
710,58,13,5,2,8,2,6,11,3,8
711,69,20,5,2,9,2,6,12,4,9
712,71,20,5,2,10,3,6,12,4,9
713,65,15,5,2,10,4,6,11,4,8
714,62,14,5,2,8,4,6,10,4,9
715,61,17,5,2,7,4,5,9,4,8
716,40,6,1,1,8,3,3,6,3,9
717,38,5,1,1,8,2,4,6,3,8
718,41,5,2,1,8,2,4,7,3,9
719,43,7,2,1,8,3,3,6,4,9
720,43,7,2,1,8,3,3,6,4,9
721,44,7,2,1,8,3,3,7,4,9
722,49,6,2,1,9,3,4,9,4,11
723,46,4,2,1,8,3,4,9,4,11
724,35,4,1,1,4,2,3,9,3,8
725,35,4,1,1,4,2,3,9,3,8
726,35,5,1,1,4,2,3,8,3,8
727,36,6,1,1,4,2,3,8,3,8
728,37,6,2,1,4,2,2,9,3,8
729,37,6,2,1,4,2,2,9,3,8
730,38,6,2,1,4,2,2,9,3,9
731,38,6,2,2,4,2,2,8,3,9
732,44,6,2,2,6,2,3,7,5,11
733,45,7,2,2,6,2,3,7,5,11
734,49,8,3,2,6,2,3,7,6,12
735,61,9,4,1,8,3,6,10,7,13
736,73,16,4,3,11,3,7,11,6,12
737,70,18,4,2,11,3,7,12,3,10
738,62,14,4,2,8,3,7,11,4,9
739,57,12,4,2,6,3,7,10,4,9
740,56,11,5,2,9,3,6,9,3,8
741,69,18,5,2,9,3,6,12,5,9
742,75,21,5,2,10,3,7,13,5,9
743,73,19,5,2,11,3,7,12,5,9
744,68,16,5,2,9,4,7,11,5,9
745,62,15,5,2,8,4,6,9,4,9
746,47,12,5,1,5,3,5,7,4,5
747,43,5,1,1,9,2,4,9,3,9
748,39,7,1,1,6,2,3,7,3,9
749,44,7,2,1,9,2,3,8,3,9
750,45,7,2,1,9,3,3,8,3,9
751,41,7,1,1,8,3,3,6,3,9
752,44,7,2,1,8,3,3,8,3,9
753,48,6,2,1,8,3,4,9,4,11
754,41,5,1,1,7,2,3,8,4,10
755,35,5,1,1,4,2,3,8,3,8
756,35,5,1,1,4,2,3,8,3,8
757,34,5,1,1,4,2,2,8,3,8
758,36,6,1,1,4,2,2,9,3,8
759,36,6,2,1,4,2,2,8,3,8
760,37,6,2,1,4,2,2,8,3,9
761,36,6,2,1,4,2,2,7,3,9
762,44,7,2,1,6,2,3,7,5,11
763,48,8,3,1,6,2,4,7,5,12
764,49,8,3,1,6,2,4,7,6,12
765,60,9,4,2,7,3,4,11,7,13
766,70,13,4,3,9,3,6,12,7,13
767,73,17,4,2,11,3,6,13,5,12
768,58,11,4,2,6,3,7,12,4,9
769,55,11,4,2,5,3,7,10,4,9
770,46,6,4,1,5,2,6,10,4,8
771,61,11,4,1,9,3,7,11,5,10
772,68,15,5,2,9,3,7,10,6,11
773,75,17,5,2,9,4,7,14,6,11
774,72,18,5,2,9,4,7,13,5,9
775,71,17,5,3,10,3,7,12,5,9
776,62,16,5,3,6,3,6,10,4,9
777,55,14,5,3,4,3,5,8,4,9
778,51,12,5,3,4,3,5,7,4,8
779,40,6,1,1,7,2,4,7,3,9
780,42,8,1,1,6,2,4,8,3,9
781,41,8,1,1,6,2,3,8,3,9
782,41,7,1,1,7,2,3,8,3,9
783,42,7,1,1,7,3,3,8,3,9
784,42,7,1,1,6,3,3,8,3,10
785,42,7,1,1,6,2,3,8,4,10
786,43,6,1,1,7,2,3,8,4,11
787,34,5,1,1,4,2,2,8,3,8
788,34,5,1,1,4,2,2,8,3,8
789,34,5,1,1,4,2,2,8,3,8
790,35,6,1,1,4,2,2,8,3,8
791,36,6,2,1,4,2,2,8,3,8
792,44,6,2,1,7,2,4,9,4,9
793,45,6,2,1,7,2,4,9,5,9
794,46,6,2,1,6,2,4,8,5,12
795,47,7,2,1,6,2,4,8,5,12
796,47,7,2,1,6,2,4,8,5,12
797,48,7,2,1,6,3,4,8,5,12
798,66,12,4,3,7,3,6,11,7,13
799,71,14,4,3,11,3,6,13,5,12
800,61,12,4,3,6,3,6,12,4,11
801,51,8,4,2,6,3,6,9,4,9
802,51,7,4,1,5,3,7,11,4,9
803,61,11,5,1,7,2,7,12,6,10
804,69,16,5,1,8,3,7,12,6,11
805,73,17,5,1,10,3,7,13,6,11
806,74,19,5,3,10,3,7,14,5,8
807,69,18,5,3,9,3,6,12,4,9
808,59,14,5,3,5,3,6,10,4,9
809,47,10,5,3,4,3,5,8,4,5
810,38,6,5,2,4,3,5,5,4,4
811,37,5,5,2,3,3,5,6,3,5
812,41,6,1,1,7,2,4,8,3,9
813,41,7,1,1,6,2,4,8,3,9
814,40,7,1,1,6,2,3,8,3,9
815,40,7,1,1,6,2,3,8,3,9
816,42,8,1,1,6,2,3,8,3,10
817,42,8,1,1,6,2,3,8,3,10
818,41,7,1,1,6,2,3,8,3,10
819,43,7,1,1,6,2,3,8,4,11
820,42,6,1,1,7,2,3,8,4,10
821,43,6,1,1,7,2,4,8,4,10
822,43,6,1,1,7,2,4,8,4,10
823,37,5,2,1,5,2,4,7,3,8
824,46,7,2,1,7,2,4,8,4,11
825,45,6,2,1,6,2,4,9,4,11
826,43,6,2,1,6,2,4,8,4,10
827,47,7,2,1,6,2,4,8,5,12
828,47,7,2,1,6,2,4,8,5,12
829,47,7,2,1,6,2,4,8,5,12
830,50,7,2,1,6,3,4,10,5,12
831,62,9,4,2,8,3,5,11,7,13
832,69,13,4,3,9,3,6,13,5,13
833,64,10,4,3,8,3,6,13,5,12
834,57,11,4,2,5,3,7,12,4,9
835,54,10,4,1,4,3,7,11,4,10
836,59,12,5,1,5,2,7,11,5,11
837,68,19,5,1,7,2,7,12,5,10
838,67,14,5,1,9,3,7,13,5,10
839,61,14,5,1,9,3,6,11,4,8
840,60,14,5,3,8,3,6,9,4,8
841,51,12,5,3,6,3,5,8,4,5
842,42,8,5,3,4,3,5,6,4,4
843,37,5,5,2,4,3,5,5,4,4
844,33,4,5,1,3,3,4,6,3,4
845,41,5,5,2,5,3,4,7,3,7
846,41,7,1,1,6,2,4,8,3,9
847,41,7,1,1,6,2,4,8,3,9
848,40,7,1,1,6,2,3,8,3,9
849,40,7,1,1,6,2,3,8,3,9
850,41,7,1,1,6,2,3,8,3,10
851,41,7,1,1,6,2,3,8,3,10
852,40,6,1,1,6,2,3,8,3,10
853,43,7,1,1,6,2,4,8,4,10
854,41,7,1,1,6,2,4,7,4,9
855,44,7,1,1,6,2,4,9,4,10
856,45,7,2,1,6,2,4,9,4,10
857,45,7,2,1,6,2,4,8,4,11
858,46,7,2,1,6,2,4,8,4,12
859,46,7,2,1,6,2,4,8,4,12
860,45,7,2,1,6,2,4,8,4,11
861,46,7,2,1,6,2,4,9,5,10
862,46,7,2,1,6,2,4,8,5,11
863,50,7,2,1,6,3,4,10,5,12
864,59,9,4,1,6,3,4,12,7,13
865,66,12,4,2,8,3,4,14,6,13
866,66,11,4,2,10,3,4,14,6,12
867,70,15,4,3,8,3,6,14,5,12
868,58,11,4,2,5,3,7,11,4,11
869,55,11,4,2,4,1,7,12,4,10
870,54,14,4,2,5,2,7,9,3,8
871,58,13,5,3,6,2,6,9,4,10
872,56,12,5,2,7,3,5,10,4,8
873,54,13,5,2,7,3,6,7,4,7
874,50,12,5,2,6,3,6,7,4,5
875,44,7,5,2,6,3,6,6,4,5
876,38,6,5,2,4,3,4,6,4,4
877,36,6,5,2,3,3,4,5,4,4
878,34,4,5,1,3,3,4,6,3,5
879,38,4,5,1,5,3,3,7,3,7
880,39,4,5,1,6,3,3,7,3,7
881,41,7,1,1,6,2,4,8,3,9
882,41,7,1,1,6,2,4,8,3,9
883,42,7,1,2,7,2,3,8,3,9
884,43,7,1,2,7,2,3,9,3,9
885,44,7,1,2,8,2,3,8,3,10
886,46,7,1,1,7,2,4,9,4,11
887,46,6,1,2,7,2,4,9,4,11
888,54,7,2,2,7,2,5,12,5,12
889,53,8,2,2,8,2,4,11,5,11
890,55,8,3,2,8,2,4,11,6,11
891,56,8,3,2,8,2,4,12,6,11
892,47,7,2,1,7,2,4,9,4,11
893,49,7,2,2,7,2,4,10,4,11
894,47,7,2,1,7,2,4,8,4,12
895,62,10,4,2,9,3,4,12,6,12
896,64,11,4,2,9,3,4,13,6,12
897,64,11,4,2,9,3,4,13,6,12
898,67,12,4,2,9,3,5,14,6,12
899,67,12,4,2,10,3,5,14,5,12
900,66,12,4,2,10,3,4,14,5,12
901,69,12,4,3,9,3,6,14,5,13
902,62,13,4,3,5,3,6,12,5,11
903,59,12,4,3,6,2,6,12,4,10
904,55,13,5,3,5,1,6,11,3,8
905,56,15,5,2,6,2,6,8,4,8
906,56,13,5,3,6,3,6,8,4,8
907,48,9,5,2,5,3,5,8,4,7
908,46,10,5,2,5,3,5,6,4,6
909,44,8,5,2,6,3,4,7,4,5
910,41,6,5,2,6,3,4,6,4,5
911,38,6,5,2,3,3,4,6,4,5
912,34,5,5,2,3,3,4,5,3,4
913,32,4,5,1,2,3,3,7,3,4
914,37,5,5,1,4,3,3,7,3,6
915,35,3,5,1,4,3,3,7,3,6
916,32,2,5,1,3,3,3,7,3,5
917,46,5,1,1,8,2,5,9,4,11
918,45,5,1,1,8,2,4,10,4,10
919,44,7,1,2,8,2,3,9,3,9
920,53,9,2,2,10,2,3,11,4,10
921,54,8,3,2,8,2,4,13,4,10
922,54,8,3,2,8,2,4,12,4,11
923,58,10,3,2,8,2,5,12,4,12
924,57,9,3,2,8,2,5,12,4,12
925,60,9,3,2,10,2,5,12,5,12
926,60,10,4,2,10,2,5,11,5,11
927,60,10,4,2,10,2,5,11,5,11
928,61,11,4,2,9,2,5,11,6,11
929,64,13,4,2,9,3,5,11,6,11
930,64,12,4,2,8,3,5,13,6,11
931,66,13,4,2,10,3,5,13,5,11
932,64,13,4,2,9,3,5,13,5,10
933,66,14,4,2,9,4,6,13,5,9
934,69,14,4,2,10,4,5,13,5,12
935,67,14,4,2,9,4,5,14,5,10
936,65,14,4,3,7,4,5,13,6,9
937,64,15,4,3,6,4,5,13,5,9
938,64,16,4,3,6,4,5,12,5,9
939,60,14,4,3,5,3,6,12,5,8
940,58,14,4,3,5,2,6,11,4,9
941,57,14,5,3,6,2,7,9,3,8
942,59,16,5,3,6,3,6,8,4,8
943,55,15,5,3,6,3,5,8,4,6
944,55,14,5,3,7,3,5,7,4,7
945,53,14,5,2,7,3,4,7,4,7
946,47,12,5,2,6,3,4,5,4,6
947,40,6,5,2,6,3,4,5,4,5
948,35,4,5,0,5,3,4,5,4,5
949,34,4,5,2,4,3,3,6,3,4
950,35,4,5,2,4,3,3,6,3,5
951,39,6,5,2,5,3,3,7,3,5
952,38,5,5,2,5,3,3,7,3,5
953,32,2,5,1,3,3,3,7,3,5
954,34,2,5,1,6,3,3,7,3,4
955,47,7,2,2,7,2,5,8,4,10
956,48,8,2,2,7,2,4,9,4,10
957,50,9,3,1,6,2,4,10,4,11
958,52,10,3,2,6,2,4,10,4,11
959,47,8,3,2,5,2,4,10,3,10
960,49,8,3,2,6,2,4,9,3,12
961,48,7,3,2,6,2,4,9,3,12
962,50,9,3,2,6,2,4,10,3,11
963,49,8,4,2,5,2,4,11,3,10
964,55,9,4,2,8,2,5,11,4,10
965,58,11,4,2,9,2,5,11,4,10
966,53,9,4,2,6,3,5,10,4,10
967,54,10,4,2,5,4,5,10,4,10
968,59,13,4,2,7,4,5,10,4,10
969,61,14,4,2,7,4,5,11,4,10
970,59,14,4,2,6,4,5,11,4,9
971,59,14,4,2,6,4,5,11,4,9
972,59,14,4,2,6,4,5,11,4,9
973,60,15,4,3,5,4,5,11,5,8
974,57,14,5,3,6,3,5,10,5,6
975,56,14,5,3,6,3,5,10,4,6
976,51,12,4,3,6,2,5,9,4,6
977,51,12,4,3,5,2,6,9,3,7
978,51,14,4,3,5,2,6,8,3,6
979,53,15,4,3,6,2,6,8,3,6
980,56,16,5,3,6,3,6,8,3,6
981,56,15,5,3,6,3,6,8,3,7
982,61,16,5,3,8,3,6,8,3,9
983,59,15,5,3,8,3,6,7,3,9
984,50,12,5,3,7,3,5,5,3,7
985,50,11,5,3,8,3,5,5,3,7
986,43,9,5,0,6,3,5,5,3,7
987,41,6,5,2,5,3,5,5,3,7
988,36,5,5,2,4,3,3,6,3,5
989,36,5,5,2,4,3,3,6,3,5
990,35,4,5,2,4,3,3,7,3,4
991,33,3,5,2,3,3,3,7,3,4
992,36,4,5,2,4,3,3,7,3,5
993,34,2,4,2,4,3,3,7,3,6
994,50,8,2,2,9,1,4,8,4,12
995,46,10,2,2,7,1,4,7,4,9
996,41,9,2,2,5,1,3,7,4,8
997,42,9,3,2,5,2,3,6,3,9
998,41,9,3,2,5,2,3,6,3,8
999,43,7,3,2,6,2,4,7,3,9
1000,45,7,3,2,6,3,4,8,3,9
1001,48,7,5,2,5,3,4,8,4,10
1002,48,7,5,2,5,3,4,8,4,10
1003,50,7,5,2,5,4,5,8,4,10
1004,50,7,5,2,5,5,5,7,4,10
1005,49,7,4,2,5,5,5,7,4,10
1006,51,8,4,2,5,5,5,8,4,10
1007,54,11,4,2,5,5,5,8,4,10
1008,54,11,4,2,5,5,5,8,4,10
1009,55,11,4,2,5,5,5,9,4,10
1010,54,11,4,2,5,5,5,9,4,9
1011,55,12,5,2,5,5,5,9,4,8
1012,56,12,5,3,5,5,5,9,4,8
1013,52,12,5,3,5,3,5,8,4,7
1014,41,8,5,2,5,3,5,6,3,4
1015,40,9,5,2,5,2,5,5,3,4
1016,46,12,5,2,5,2,6,6,3,5
1017,46,13,5,2,4,2,6,6,3,5
1018,49,13,5,3,5,2,6,6,3,6
1019,49,14,5,3,5,2,5,6,3,6
1020,52,15,5,3,6,2,6,6,3,6
1021,55,13,5,3,6,3,6,8,3,8
1022,60,16,5,3,8,3,6,7,3,9
1023,56,14,5,2,8,3,6,6,3,9
1024,51,11,5,2,7,3,6,6,3,8
1025,51,11,5,3,8,3,6,5,3,7
1026,50,9,5,3,7,3,6,6,3,8
1027,41,6,5,0,5,3,6,6,3,7
1028,41,4,5,2,5,3,6,6,3,7
1029,37,4,5,2,3,3,5,6,3,6
1030,36,5,5,2,4,3,4,6,3,4
1031,36,5,5,2,4,3,3,6,3,5
1032,34,4,4,2,4,3,3,6,3,5
1033,29,3,4,0,4,2,2,7,3,4
1034,26,2,4,0,3,2,2,6,3,4
1035,42,6,1,2,8,2,1,7,5,10
1036,45,6,2,2,8,2,2,7,5,11
1037,45,6,2,1,9,2,2,8,4,11
1038,49,7,3,1,10,3,2,9,3,11
1039,42,5,3,1,8,3,1,8,3,10
1040,40,5,2,1,8,3,1,7,3,10
1041,39,4,2,1,8,3,1,7,3,10
1042,42,5,3,1,8,3,1,8,3,10
1043,45,7,3,2,8,0,2,9,5,9
1044,38,5,3,2,6,1,2,8,3,8
1045,42,6,3,2,8,1,4,7,3,8
1046,49,10,2,2,8,2,4,8,4,9
1047,49,11,2,2,7,3,4,7,4,9
1048,45,10,2,2,7,3,4,5,3,9
1049,38,9,2,2,6,2,3,4,3,7
1050,37,7,3,2,6,2,4,4,3,6
1051,39,7,4,2,5,2,4,5,4,6
1052,43,7,5,2,5,3,4,7,4,6
1053,44,7,5,2,5,4,4,7,4,6
1054,46,7,5,2,5,4,4,8,4,7
1055,46,7,5,2,5,4,5,7,4,7
1056,45,7,5,2,5,3,5,7,3,8
1057,48,9,5,2,5,3,5,7,4,8
1058,51,11,5,2,5,3,5,7,4,9
1059,53,12,5,2,5,3,5,7,4,10
1060,51,10,5,2,5,3,5,7,4,10
1061,51,11,5,2,5,3,5,6,4,10
1062,48,11,5,2,5,3,5,6,3,8
1063,49,11,5,3,5,3,5,6,3,8
1064,49,12,5,3,5,3,5,6,3,7
1065,47,12,5,3,5,3,5,6,3,5
1066,40,9,5,1,5,3,6,5,3,3
1067,38,8,5,1,4,3,5,6,3,3
1068,40,9,5,1,4,3,6,6,3,3
1069,45,13,5,1,5,3,5,6,3,4
1070,44,12,5,1,5,3,5,6,3,4
1071,44,13,5,1,5,3,4,6,3,4
1072,45,11,5,3,5,3,5,5,2,6
1073,50,12,5,3,6,3,6,6,3,6
1074,53,12,5,3,6,3,6,6,3,9
1075,51,12,5,2,6,3,6,5,3,9
1076,48,10,4,2,6,3,6,5,3,9
1077,49,11,5,2,6,3,6,5,3,8
1078,49,11,5,2,7,3,6,6,2,7
1079,51,9,5,3,8,4,6,6,2,8
1080,52,9,5,3,7,4,6,7,3,8
1081,45,6,5,3,5,3,6,6,3,8
1082,41,5,5,2,5,3,6,6,3,6
1083,38,5,5,2,4,2,5,6,3,6
1084,33,3,5,2,5,2,3,6,3,4
1085,31,3,4,2,4,2,3,6,3,4
1086,28,3,4,0,4,2,2,6,3,4
1087,28,3,4,0,4,2,2,6,3,4
1088,46,7,2,2,9,3,1,7,5,10
1089,51,6,2,2,10,3,2,9,6,11
1090,53,6,3,2,10,3,2,10,6,11
1091,50,7,3,1,9,3,2,10,4,11
1092,47,6,3,1,9,3,2,9,4,10
1093,44,6,3,1,9,2,2,8,4,9
1094,48,8,3,2,9,3,2,8,3,10
1095,51,10,3,2,10,3,2,9,3,9
1096,48,8,3,2,9,3,1,9,4,9
1097,47,9,3,2,8,3,2,7,4,9
1098,46,10,3,2,8,2,2,7,4,8
1099,44,10,3,2,8,2,2,5,4,8
1100,45,10,3,2,8,3,2,5,4,8
1101,45,7,3,2,7,3,2,7,4,10
1102,44,8,3,2,6,3,2,6,4,10
1103,44,8,3,2,5,3,2,8,4,9
1104,42,7,3,2,5,3,2,7,4,9
1105,42,7,3,2,5,3,3,7,4,8
1106,43,8,3,2,5,3,4,7,4,7
1107,43,8,3,2,6,4,4,5,4,7
1108,41,7,2,2,6,4,4,5,4,7
1109,43,10,2,2,6,4,4,5,4,6
1110,45,10,5,2,6,4,4,5,4,5
1111,45,10,5,2,5,4,5,5,4,5
1112,44,10,5,2,5,3,5,5,4,5
1113,43,9,5,2,5,3,5,6,3,5
1114,43,9,5,2,5,3,5,6,3,5
1115,43,9,5,2,5,3,5,6,3,5
1116,47,10,5,2,5,3,5,7,3,7
1117,48,11,5,2,5,3,5,7,3,7
1118,50,12,5,2,5,3,5,7,3,8
1119,52,13,5,2,5,3,5,8,3,8
1120,50,12,5,2,5,3,5,7,3,8
1121,51,12,5,2,5,3,6,7,3,8
1122,49,11,5,3,5,3,6,7,2,7
1123,46,11,5,3,5,3,5,7,2,5
1124,45,10,5,3,5,3,5,7,2,5
1125,42,10,5,1,5,3,5,6,2,5
1126,41,10,5,1,4,3,5,6,3,4
1127,42,10,5,1,4,3,6,6,3,4
1128,41,10,5,1,4,3,6,6,3,3
1129,44,12,5,1,5,3,5,6,3,4
1130,43,11,5,1,5,3,5,6,3,4
1131,40,11,5,1,5,3,4,5,2,4
1132,43,11,5,3,5,3,4,5,2,5
1133,47,11,5,3,6,3,5,6,3,5
1134,48,10,5,3,5,3,6,6,3,7
1135,46,8,5,3,6,3,6,5,3,7
1136,41,6,4,2,6,3,6,5,3,6
1137,44,6,4,2,6,3,6,6,3,8
1138,46,9,5,2,7,3,6,5,2,7
1139,52,10,5,3,8,4,6,6,2,8
1140,49,7,5,3,7,4,6,7,2,8
1141,47,6,5,3,6,3,6,7,3,8
1142,44,5,5,3,6,3,6,6,3,7
1143,41,5,5,2,6,2,6,6,3,6
1144,32,4,4,2,4,2,3,6,3,4
1145,29,3,4,2,4,2,2,5,3,4
1146,27,3,4,0,4,2,2,5,3,4
1147,28,3,4,0,4,2,2,6,3,4
1148,28,3,4,0,4,2,2,6,3,4
1149,51,7,3,1,9,3,3,9,6,10
1150,52,8,3,1,9,3,2,9,6,11
1151,53,6,3,2,10,3,2,10,6,11
1152,49,8,4,2,9,3,2,9,4,8
1153,43,7,4,1,7,3,2,9,3,7
1154,43,9,4,1,7,3,2,8,3,6
1155,46,10,4,2,8,3,2,8,3,6
1156,49,10,4,2,8,3,2,8,4,8
1157,48,9,4,2,8,4,2,7,4,8
1158,47,9,4,1,8,4,2,7,4,8
1159,44,8,3,1,7,4,2,7,4,8
1160,46,10,3,2,7,4,2,6,4,8
1161,46,11,3,2,7,4,2,6,4,7
1162,44,9,3,2,7,4,2,6,4,7
1163,43,7,3,2,7,4,2,6,4,8
1164,42,8,3,2,6,3,2,6,4,8
1165,40,7,3,2,5,3,2,6,4,8
1166,39,7,3,2,5,3,2,6,4,7
1167,40,7,3,2,5,3,2,7,4,7
1168,39,7,3,1,5,3,3,6,4,7
1169,38,6,3,1,5,3,4,5,4,7
1170,38,6,3,1,5,3,4,5,4,7
1171,39,7,3,2,5,3,4,5,4,6
1172,40,7,4,2,5,4,4,5,4,5
1173,43,10,4,2,6,4,4,5,3,5
1174,44,10,5,2,5,4,5,5,3,5
1175,43,10,5,2,5,3,5,5,3,5
1176,43,10,5,2,5,3,5,5,3,5
1177,43,9,5,2,5,3,6,5,3,5
1178,43,9,5,2,5,3,6,6,2,5
1179,44,10,5,2,6,3,5,6,2,5
1180,45,10,5,2,6,3,6,6,2,5
1181,47,11,5,2,6,3,6,7,2,5
1182,49,11,5,2,6,4,6,7,2,6
1183,52,11,5,2,6,4,6,8,2,8
1184,54,13,5,2,7,4,6,7,2,8
1185,52,13,5,2,7,3,6,7,2,7
1186,48,12,5,3,6,3,5,7,2,5
1187,46,10,5,3,6,3,5,7,2,5
1188,40,9,5,1,5,3,5,6,2,4
1189,38,8,5,1,4,3,5,6,2,4
1190,40,9,5,1,4,3,5,6,3,4
1191,40,9,5,1,4,3,5,6,3,4
1192,42,11,5,1,4,3,5,6,3,4
1193,39,11,5,1,4,2,4,5,3,4
1194,39,10,5,1,5,1,5,5,3,4
1195,38,10,5,1,5,2,4,5,2,4
1196,41,11,5,1,5,3,4,5,2,5
1197,46,12,5,2,4,3,6,6,3,5
1198,48,11,5,3,5,3,6,6,3,6
1199,42,7,5,2,5,3,6,5,3,6
1200,41,7,4,2,5,3,6,5,3,6
1201,43,6,4,2,7,3,6,6,3,6
1202,48,9,5,2,8,3,6,6,2,7
1203,51,10,5,2,9,4,6,6,2,7
1204,50,10,5,3,6,3,6,7,3,7
1205,48,8,5,3,7,3,6,6,3,7
1206,44,6,5,3,6,3,6,6,3,6
1207,43,5,5,3,7,2,6,6,3,6
1208,35,4,4,2,6,2,4,6,3,4
1209,32,4,4,2,5,2,2,6,3,4
1210,31,5,4,0,5,2,2,6,3,4
1211,30,4,4,0,5,2,2,6,3,4
1212,30,4,4,0,5,2,2,6,3,4
1213,55,9,3,1,10,3,3,11,5,10
1214,54,8,3,1,10,3,3,11,5,10
1215,47,6,3,1,8,3,3,9,5,9
1216,41,8,4,1,7,2,2,8,3,6
1217,40,8,4,1,7,2,2,7,3,6
1218,42,7,4,2,6,4,2,8,3,6
1219,43,8,4,2,6,4,2,7,4,6
1220,44,9,4,2,7,4,2,6,4,6
1221,42,9,4,1,7,4,2,6,4,5
1222,43,9,4,1,7,4,2,6,4,6
1223,41,9,4,1,7,4,2,6,3,5
1224,39,7,4,1,6,4,2,6,3,6
1225,37,7,3,1,6,4,2,6,3,5
1226,39,9,3,1,6,4,2,6,3,5
1227,37,7,3,1,6,3,2,6,3,6
1228,39,7,3,2,6,4,2,6,3,6
1229,42,8,4,2,6,3,2,6,4,7
1230,42,8,4,2,5,3,3,6,4,7
1231,39,7,3,1,5,3,3,6,4,7
1232,37,6,3,1,5,3,3,5,4,7
1233,37,6,3,1,5,3,3,5,4,7
1234,36,6,3,1,5,3,3,5,4,6
1235,38,6,3,1,5,3,5,5,4,6
1236,39,7,4,1,5,3,5,5,4,5
1237,40,7,4,1,5,3,6,5,4,5
1238,40,7,4,1,5,3,6,5,4,5
1239,41,9,5,1,5,3,6,5,2,5
1240,44,10,5,2,6,3,6,5,2,5
1241,43,10,5,2,5,3,6,5,2,5
1242,41,8,5,2,5,3,6,5,2,5
1243,41,8,5,2,5,3,6,5,2,5
1244,42,8,5,2,5,3,6,6,2,5
1245,44,10,5,1,6,3,6,6,2,5
1246,43,10,5,1,6,3,5,6,2,5
1247,47,12,5,1,6,3,6,7,2,5
1248,49,12,5,2,6,4,6,7,2,5
1249,47,11,5,2,6,3,6,7,2,5
1250,42,11,5,1,5,3,5,6,2,4
1251,41,10,5,1,5,3,5,6,2,4
1252,40,9,5,1,5,3,5,6,2,4
1253,38,9,5,1,5,2,5,6,2,3
1254,37,7,5,1,5,2,5,6,2,4
1255,37,7,5,1,5,1,5,6,3,4
1256,34,6,5,0,5,1,4,6,3,4
1257,36,9,5,1,5,1,3,5,3,4
1258,34,9,5,1,3,1,3,5,3,4
1259,39,11,5,1,5,1,4,5,3,4
1260,39,11,5,0,5,2,4,5,3,4
1261,38,9,5,0,5,2,5,5,2,5
1262,40,9,5,0,4,3,6,6,2,5
1263,41,8,5,0,5,3,5,6,3,6
1264,39,6,5,0,5,3,6,5,3,6
1265,41,7,4,2,5,3,6,5,3,6
1266,42,6,4,2,6,3,6,6,3,6
1267,40,4,5,2,7,3,6,6,2,5
1268,49,8,5,2,9,4,6,7,2,6
1269,49,10,5,3,7,3,6,6,3,6
1270,48,10,5,3,6,3,6,6,3,6
1271,45,7,5,3,6,3,6,6,3,6
1272,42,5,4,3,6,2,6,7,3,6
1273,32,4,4,0,6,2,3,6,3,4
1274,30,3,4,0,6,2,2,6,3,4
1275,30,2,4,0,7,2,2,6,3,4
1276,28,2,4,0,5,2,2,6,3,4
1277,53,12,3,2,7,3,3,10,4,9
1278,42,7,3,2,5,4,3,8,3,7
1279,43,8,4,2,5,3,3,8,4,6
1280,42,8,4,2,5,3,3,7,4,6
1281,40,8,4,2,5,3,3,6,4,5
1282,41,8,4,2,5,4,3,6,4,5
1283,41,8,4,1,6,4,3,6,4,5
1284,40,8,4,1,6,4,3,6,3,5
1285,40,8,4,1,6,4,3,6,3,5
1286,38,8,4,1,6,3,2,6,3,5
1287,37,8,4,1,7,3,2,5,3,4
1288,38,8,4,1,7,3,2,5,3,5
1289,38,7,5,1,7,3,2,5,3,5
1290,38,7,5,1,7,3,2,5,3,5
1291,40,9,5,1,7,3,2,5,3,5
1292,40,8,5,1,7,3,3,5,3,5
1293,38,8,4,1,6,3,3,5,3,5
1294,39,8,4,1,6,3,3,5,4,5
1295,35,5,4,1,5,3,3,5,4,5
1296,36,6,4,1,5,3,3,5,4,5
1297,40,7,4,1,6,3,4,5,4,6
1298,38,6,4,1,6,3,4,5,4,5
1299,40,6,5,1,6,3,5,5,4,5
1300,39,6,4,1,6,3,6,5,3,5
1301,39,6,4,1,6,3,6,5,3,5
1302,40,7,4,1,6,3,6,5,3,5
1303,41,8,5,1,6,3,6,5,2,5
1304,43,9,5,1,6,3,6,5,3,5
1305,43,9,5,2,5,3,5,5,3,6
1306,42,9,5,2,5,3,5,5,2,6
1307,42,9,5,2,5,3,6,5,2,5
1308,42,9,5,2,5,3,6,5,2,5
1309,36,8,5,1,5,3,4,5,2,3
1310,41,10,5,1,5,3,4,6,2,5
1311,39,10,5,1,5,3,3,6,2,4
1312,39,10,5,1,5,3,4,6,2,3
1313,38,11,5,1,5,2,4,6,2,2
1314,37,10,5,1,5,2,4,6,2,2
1315,35,7,5,1,5,2,4,6,2,3
1316,32,6,5,0,5,2,4,5,2,3
1317,31,5,5,0,5,2,4,5,2,3
1318,30,5,5,0,5,1,4,5,2,3
1319,30,5,5,0,5,1,4,5,3,2
1320,30,6,5,0,5,1,3,5,3,2
1321,29,4,5,0,4,1,4,5,3,3
1322,28,4,5,0,4,1,4,5,3,2
1323,26,4,4,0,4,1,3,5,3,2
1324,31,5,5,0,4,1,3,5,3,5
1325,32,6,5,0,4,2,3,5,3,4
1326,34,7,5,0,4,3,4,5,2,4
1327,42,9,5,0,5,3,5,6,3,6
1328,39,7,5,0,5,3,5,5,3,6
1329,39,6,4,2,5,3,5,5,3,6
1330,39,5,4,2,6,3,5,5,3,6
1331,36,3,5,2,6,3,5,5,2,5
1332,38,3,5,2,6,4,5,5,2,6
1333,43,6,5,3,8,3,5,5,3,5
1334,39,5,5,3,7,3,4,4,3,5
1335,49,9,4,2,6,4,3,9,4,8
1336,44,8,4,2,6,3,3,8,4,6
1337,42,8,4,2,5,3,3,8,4,5
1338,39,8,4,2,5,2,3,6,4,5
1339,39,8,4,2,5,2,3,6,4,5
1340,38,7,5,1,5,3,3,6,3,5
1341,38,7,5,1,5,3,3,6,3,5
1342,38,7,5,1,5,3,3,6,3,5
1343,36,7,4,1,5,3,3,5,3,5
1344,37,7,4,1,6,3,3,5,3,5
1345,36,7,4,1,6,3,3,5,3,4
1346,37,7,5,1,6,3,3,5,3,4
1347,40,9,5,1,6,3,3,5,3,5
1348,39,9,5,1,6,3,3,5,2,5
1349,39,8,5,1,6,3,3,5,3,5
1350,40,9,5,1,6,3,3,5,3,5
1351,40,9,5,1,6,3,3,5,3,5
1352,36,6,4,1,6,3,3,5,3,5
1353,36,5,4,1,6,3,4,5,3,5
1354,37,6,4,1,5,3,5,5,3,5
1355,37,5,4,1,6,3,5,5,3,5
1356,39,4,5,1,7,3,5,5,3,6
1357,38,4,5,1,7,3,5,5,3,5
1358,38,4,4,1,7,3,5,5,3,6
1359,37,4,4,1,7,3,5,5,3,5
1360,35,5,4,1,6,3,5,5,2,4
1361,37,7,4,1,6,3,5,5,2,4
1362,40,8,5,1,6,3,5,5,3,4
1363,42,10,5,1,5,3,5,5,3,5
1364,40,9,5,1,5,3,5,5,2,5
1365,37,9,5,1,4,3,4,5,2,4
1366,36,9,5,1,4,3,3,5,2,4
1367,32,8,5,1,4,3,3,5,2,1
1368,34,9,5,1,4,2,3,5,2,3
1369,32,9,5,1,4,2,3,5,2,1
1370,31,7,5,1,4,2,4,5,2,1
1371,32,7,5,1,4,2,4,6,2,1
1372,32,7,5,0,5,2,4,6,2,1
1373,29,6,5,0,5,1,4,5,2,1
1374,28,5,4,0,5,1,4,5,2,2
1375,29,5,4,0,5,1,4,5,3,2
1376,27,5,4,0,4,1,3,5,3,2
1377,24,4,4,0,4,1,2,4,3,2
1378,25,3,4,0,4,1,2,5,3,3
1379,26,3,4,0,4,1,3,5,3,3
1380,25,2,4,0,4,1,3,5,3,3
1381,24,2,4,0,4,1,2,5,3,3
1382,26,3,4,0,4,1,2,5,3,4
1383,31,5,5,0,4,1,3,5,3,5
1384,33,7,5,0,3,2,3,5,3,5
1385,42,9,5,0,5,3,5,6,3,6
1386,41,8,5,0,5,3,5,5,3,7
1387,43,7,5,2,6,3,5,5,3,7
1388,40,5,4,2,6,4,5,5,3,6
1389,37,3,5,2,6,4,5,5,2,5
1390,41,5,5,2,6,4,5,6,2,6
1391,41,5,5,2,8,3,5,5,3,5
1392,49,9,4,2,6,4,3,9,4,8
1393,46,8,4,2,6,4,3,9,4,6
1394,41,7,4,2,6,3,3,7,4,5
1395,39,8,4,2,5,3,3,5,4,5
1396,36,7,4,2,5,2,3,5,3,5
1397,34,6,4,1,5,2,3,5,3,5
1398,34,5,5,1,5,2,3,5,3,5
1399,35,6,5,1,5,3,3,5,2,5
1400,35,6,5,1,5,3,3,5,2,5
1401,38,8,5,1,6,3,3,5,2,5
1402,35,6,4,1,6,3,3,5,2,5
1403,34,6,4,1,6,3,3,5,2,4
1404,35,6,5,1,6,3,3,5,2,4
1405,37,8,5,1,6,3,3,5,2,4
1406,38,9,5,1,6,3,3,5,2,4
1407,39,9,5,1,6,3,4,5,2,4
1408,40,9,5,1,6,3,4,5,2,5
1409,39,9,5,1,6,3,4,5,2,4
1410,36,6,4,1,6,3,5,5,2,4
1411,36,6,4,1,6,3,5,5,2,4
1412,36,5,4,1,6,3,5,5,2,5
1413,37,6,4,1,6,3,5,5,2,5
1414,35,4,4,1,6,3,5,5,2,5
1415,35,4,4,1,6,3,5,5,2,5
1416,35,4,4,1,6,3,5,5,2,5
1417,34,4,4,1,6,3,5,5,2,4
1418,35,4,4,1,6,3,5,5,2,5
1419,35,5,4,1,6,3,5,5,2,4
1420,41,10,4,1,6,3,5,5,2,5
1421,42,10,5,1,6,3,5,5,2,5
1422,37,8,5,1,4,2,5,5,2,5
1423,31,5,5,1,4,2,3,5,2,4
1424,32,7,5,1,4,2,3,5,2,3
1425,31,7,5,1,4,2,3,5,2,2
1426,30,6,5,1,4,2,3,5,2,2
1427,31,6,5,1,4,3,3,5,2,2
1428,28,6,5,0,3,3,3,5,2,1
1429,30,6,5,0,5,3,3,5,2,1
1430,29,5,5,0,5,2,3,5,3,1
1431,27,4,4,0,4,2,3,5,3,2
1432,25,4,3,0,4,1,3,5,3,2
1433,24,3,3,0,4,1,3,5,3,2
1434,21,2,3,0,4,1,2,4,3,2
1435,21,1,3,0,4,1,2,4,3,3
1436,21,1,3,0,4,1,2,4,3,3
1437,22,1,3,0,4,1,2,5,3,3
1438,22,1,3,0,4,1,2,5,3,3
1439,22,1,4,0,4,1,2,4,3,3
1440,25,2,4,0,4,1,2,5,3,4
1441,27,3,4,0,4,1,3,5,3,4
1442,34,7,5,0,4,1,3,5,3,6
1443,42,8,5,0,5,3,5,6,4,6
1444,42,7,5,0,6,3,5,5,4,7
1445,45,8,5,2,6,3,5,5,4,7
1446,41,5,4,2,6,4,5,5,3,7
1447,39,3,5,2,6,4,5,5,2,7
1448,41,3,5,2,7,3,5,6,3,7
1449,39,4,4,1,8,3,4,6,3,6
1450,49,10,4,2,6,5,3,8,4,7
1451,47,9,4,2,6,5,3,8,4,6
1452,45,8,4,2,6,4,3,8,4,6
1453,37,6,4,2,6,3,3,5,3,5
1454,36,7,4,2,5,2,3,5,3,5
1455,35,7,4,2,5,2,3,5,2,5
1456,33,6,4,1,5,2,3,5,2,5
1457,34,5,5,1,5,2,3,5,2,6
1458,32,4,5,0,5,3,3,5,2,5
1459,31,4,5,0,5,3,3,5,2,4
1460,34,6,5,0,5,3,4,5,2,4
1461,34,7,4,0,5,3,4,5,2,4
1462,32,5,4,0,5,3,4,5,2,4
1463,33,5,4,0,5,3,4,5,2,5
1464,33,6,4,0,5,3,4,5,2,4
1465,35,7,5,0,5,3,4,5,2,4
1466,39,7,5,1,6,3,5,5,2,5
1467,39,7,5,1,6,3,5,5,2,5
1468,35,5,4,1,6,3,5,5,2,4
1469,36,5,4,1,6,3,5,5,2,5
1470,36,5,4,1,6,3,5,5,2,5
1471,36,5,4,1,6,3,5,5,2,5
1472,35,6,4,1,6,3,5,5,2,3
1473,34,4,4,1,6,3,5,5,2,4
1474,32,3,4,1,5,3,5,5,2,4
1475,35,4,4,1,6,3,5,5,2,5
1476,35,4,4,1,6,3,5,5,2,5
1477,34,4,4,0,6,3,5,5,2,5
1478,36,7,4,0,5,3,5,5,2,5
1479,35,7,4,0,5,2,5,5,2,5
1480,33,6,4,0,4,2,5,5,2,5
1481,34,7,5,0,4,2,5,5,2,4
1482,26,3,5,0,3,2,3,5,2,3
1483,24,3,5,0,2,2,3,5,2,2
1484,24,3,5,0,2,2,3,5,2,2
1485,27,5,5,0,2,3,3,5,2,2
1486,28,6,5,0,2,2,3,5,3,2
1487,24,4,3,0,2,2,3,5,3,2
1488,25,3,3,0,4,2,3,5,3,2
1489,25,4,3,0,4,2,3,4,3,2
1490,26,4,3,0,4,2,3,5,3,2
1491,25,4,3,0,4,1,3,5,3,2
1492,23,3,3,0,4,1,2,5,3,2
1493,20,1,3,0,4,1,2,4,3,2
1494,19,1,3,0,3,1,2,4,3,2
1495,20,1,3,0,3,1,2,4,3,3
1496,20,1,3,0,3,1,2,4,3,3
1497,21,1,3,0,4,1,2,4,3,3
1498,21,1,3,0,4,1,2,4,3,3
1499,23,1,3,0,4,1,2,5,3,4
1500,24,1,3,0,4,1,3,5,3,4
1501,28,5,3,0,4,1,3,5,3,4
1502,37,7,5,0,5,3,3,5,3,6
1503,41,7,5,0,6,3,5,5,4,6
1504,45,7,5,2,7,3,5,5,4,7
1505,45,7,4,2,7,4,5,5,4,7
1506,43,5,5,2,7,4,5,5,3,7
1507,41,2,4,2,7,4,5,6,3,8
